<?xml version='1.0' encoding='utf-8' ?>
<!DOCTYPE document SYSTEM "file:///C:/Xilinx/14.7/ISE_DS/ISE/xc9500xl/data/xmlReport9kxl.dtd">
<document><ascFile>lab4_3.rpt</ascFile><devFile>C:/Xilinx/14.7/ISE_DS/ISE/xc9500xl/data/xc9572xl.chp</devFile><mfdFile>lab4_3.mfd</mfdFile><htmlFile logic_legend="logiclegend.htm" logo="xc9500xl_logo.jpg" pin_legend="pinlegend.htm"/><header date="12-13-2023" design="lab4_3" device="XC9572XL" eqnType="1" pkg="PC44" speed="-10" status="1" statusStr="Successful" swVersion="P.20131013" time="  4:43PM" version="1.0"/><inputs id="ROT_A" userloc="P36"/><inputs id="ROT_B" userloc="P24"/><inputs id="RST" userloc="P39"/><global_inputs id="CLK" pinnum="GCK1" use="GCK1" userloc="P5"/><pin id="FB1_MC2_PIN1" pinnum="1"/><pin id="FB1_MC5_PIN2" pinnum="2"/><pin id="FB1_MC6_PIN3" pinnum="3"/><pin id="FB1_MC8_PIN4" pinnum="4"/><pin id="FB1_MC9_PIN5" pinnum="5" signal="CLK" use="GCK"/><pin id="FB1_MC11_PIN6" pinnum="6"/><pin id="FB1_MC14_PIN7" pinnum="7" signal="XLXN_2" use="b_SPECSIG"/><pin id="FB1_MC15_PIN8" pinnum="8" signal="XLXN_1" use="b_SPECSIG"/><pin id="FB1_MC17_PIN9" pinnum="9" signal="XLXI_1initA_SPECSIG" use="b_SPECSIG"/><pin id="FB2_MC2_PIN35" pinnum="35" signal="Y" use="O"/><pin id="FB2_MC5_PIN36" pinnum="36" signal="ROT_A" use="I"/><pin id="FB2_MC6_PIN37" pinnum="37"/><pin id="FB2_MC8_PIN38" pinnum="38"/><pin id="FB2_MC9_PIN39" pinnum="39" signal="RST" use="I"/><pin id="FB2_MC11_PIN40" pinnum="40"/><pin id="FB2_MC14_PIN42" pinnum="42"/><pin id="FB2_MC15_PIN43" pinnum="43"/><pin id="FB2_MC17_PIN44" pinnum="44" signal="XLXI_2state_FSM_FFd2_SPECSIG" use="b_SPECSIG"/><pin id="FB3_MC2_PIN11" pinnum="11"/><pin id="FB3_MC5_PIN12" pinnum="12"/><pin id="FB3_MC8_PIN13" pinnum="13"/><pin id="FB3_MC9_PIN14" pinnum="14"/><pin id="FB3_MC11_PIN18" pinnum="18"/><pin id="FB3_MC14_PIN19" pinnum="19"/><pin id="FB3_MC15_PIN20" pinnum="20"/><pin id="FB3_MC16_PIN24" pinnum="24" signal="ROT_B" use="I"/><pin id="FB3_MC17_PIN22" pinnum="22"/><pin id="FB4_MC2_PIN25" pinnum="25"/><pin id="FB4_MC5_PIN26" pinnum="26"/><pin id="FB4_MC8_PIN27" pinnum="27"/><pin id="FB4_MC11_PIN28" pinnum="28"/><pin id="FB4_MC14_PIN29" pinnum="29"/><pin id="FB4_MC15_PIN33" pinnum="33"/><pin id="FB4_MC17_PIN34" pinnum="34"/><fblock id="FB1" inputUse="5" pinUse="0"><macrocell id="FB1_MC1"/><macrocell id="FB1_MC2" pin="FB1_MC2_PIN1"/><macrocell id="FB1_MC3"/><macrocell id="FB1_MC4"/><macrocell id="FB1_MC5" pin="FB1_MC5_PIN2"/><macrocell id="FB1_MC6" pin="FB1_MC6_PIN3"/><macrocell id="FB1_MC7"/><macrocell id="FB1_MC8" pin="FB1_MC8_PIN4"/><macrocell id="FB1_MC9" pin="FB1_MC9_PIN5"/><macrocell id="FB1_MC10"/><macrocell id="FB1_MC11" pin="FB1_MC11_PIN6"/><macrocell id="FB1_MC12"/><macrocell id="FB1_MC13"/><macrocell id="FB1_MC14" pin="FB1_MC14_PIN7" sigUse="5" signal="XLXN_2"><pterms pt1="FB1_14_1"/></macrocell><macrocell id="FB1_MC15" pin="FB1_MC15_PIN8" sigUse="5" signal="XLXN_1"><pterms pt1="FB1_15_1"/></macrocell><macrocell id="FB1_MC16" sigUse="1" signal="XLXI_1prevA_SPECSIG"><pterms pt1="FB1_16_1"/></macrocell><macrocell id="FB1_MC17" pin="FB1_MC17_PIN9" sigUse="4" signal="XLXI_1initA_SPECSIG"><pterms pt1="FB1_17_1" pt2="FB1_17_2"/></macrocell><macrocell id="FB1_MC18" sigUse="3" signal="XLXI_1FF_SPECSIG"><pterms pt1="FB1_18_1" pt2="FB1_18_2"/></macrocell><fbinput id="FB1_I1" signal="ROT_A"/><fbinput id="FB1_I2" signal="ROT_B"/><fbinput id="FB1_I3" signal="XLXI_1FF_SPECSIG"/><fbinput id="FB1_I4" signal="XLXI_1initA_SPECSIG"/><fbinput id="FB1_I5" signal="XLXI_1prevA_SPECSIG"/><pterm id="FB1_14_1"><signal id="XLXI_1FF_SPECSIG"/><signal id="XLXI_1initA_SPECSIG"/><signal id="ROT_A" negated="ON"/><signal id="XLXI_1prevA_SPECSIG" negated="ON"/><signal id="ROT_B" negated="ON"/></pterm><pterm id="FB1_15_1"><signal id="XLXI_1FF_SPECSIG"/><signal id="XLXI_1initA_SPECSIG" negated="ON"/><signal id="ROT_A" negated="ON"/><signal id="XLXI_1prevA_SPECSIG"/><signal id="ROT_B" negated="ON"/></pterm><pterm id="FB1_16_1"><signal id="ROT_A"/></pterm><pterm id="FB1_17_1"><signal id="XLXI_1prevA_SPECSIG"/></pterm><pterm id="FB1_17_2"><signal id="XLXI_1FF_SPECSIG" negated="ON"/><signal id="ROT_A"/><signal id="ROT_B"/></pterm><pterm id="FB1_18_1"><signal id="XLXI_1FF_SPECSIG"/><signal id="ROT_A" negated="ON"/><signal id="ROT_B" negated="ON"/></pterm><pterm id="FB1_18_2"><signal id="XLXI_1FF_SPECSIG" negated="ON"/><signal id="ROT_A"/><signal id="ROT_B"/></pterm><equation id="XLXN_2" regUse="D"><d2><eq_pterm ptindx="FB1_14_1"/></d2><clk><fastsig signal="CLK"/></clk><prld ptindx="GND"/></equation><equation id="XLXN_1" regUse="D"><d2><eq_pterm ptindx="FB1_15_1"/></d2><clk><fastsig signal="CLK"/></clk><prld ptindx="GND"/></equation><equation id="XLXI_1prevA_SPECSIG" regUse="D"><d2><eq_pterm ptindx="FB1_16_1"/></d2><clk><fastsig signal="CLK"/></clk><prld ptindx="GND"/></equation><equation id="XLXI_1initA_SPECSIG" regUse="D"><d2><eq_pterm ptindx="FB1_17_1"/></d2><clk><fastsig signal="CLK"/></clk><ce><eq_pterm ptindx="FB1_17_2"/></ce><prld ptindx="GND"/></equation><equation id="XLXI_1FF_SPECSIG" regUse="T"><d2><eq_pterm ptindx="FB1_18_1"/><eq_pterm ptindx="FB1_18_2"/></d2><clk><fastsig signal="CLK"/></clk><prld ptindx="GND"/></equation></fblock><fblock id="FB2" inputUse="6" pinUse="3"><macrocell id="FB2_MC1"/><macrocell id="FB2_MC2" pin="FB2_MC2_PIN35" sigUse="2" signal="Y"><pterms pt1="FB2_2_1"/></macrocell><macrocell id="FB2_MC3"/><macrocell id="FB2_MC4"/><macrocell id="FB2_MC5" pin="FB2_MC5_PIN36"/><macrocell id="FB2_MC6" pin="FB2_MC6_PIN37"/><macrocell id="FB2_MC7"/><macrocell id="FB2_MC8" pin="FB2_MC8_PIN38"/><macrocell id="FB2_MC9" pin="FB2_MC9_PIN39"/><macrocell id="FB2_MC10"/><macrocell id="FB2_MC11" pin="FB2_MC11_PIN40"/><macrocell id="FB2_MC12"/><macrocell id="FB2_MC13"/><macrocell id="FB2_MC14" pin="FB2_MC14_PIN42"/><macrocell id="FB2_MC15" pin="FB2_MC15_PIN43"/><macrocell id="FB2_MC16" sigUse="4" signal="XLXI_2state_FSM_FFd3_SPECSIG"><pterms pt1="FB2_16_1" pt2="FB2_16_2"/></macrocell><macrocell id="FB2_MC17" pin="FB2_MC17_PIN44" sigUse="6" signal="XLXI_2state_FSM_FFd2_SPECSIG"><pterms pt1="FB2_17_1" pt2="FB2_17_2" pt3="FB2_17_3" pt4="FB2_17_4"/></macrocell><macrocell id="FB2_MC18" sigUse="6" signal="XLXI_2state_FSM_FFd1_SPECSIG"><pterms pt1="FB2_18_1" pt2="FB2_18_2" pt3="FB2_18_3" pt4="FB2_18_4"/></macrocell><fbinput id="FB2_I1" signal="RST"/><fbinput id="FB2_I2" signal="XLXI_2state_FSM_FFd1_SPECSIG"/><fbinput id="FB2_I3" signal="XLXI_2state_FSM_FFd2_SPECSIG"/><fbinput id="FB2_I4" signal="XLXI_2state_FSM_FFd3_SPECSIG"/><fbinput id="FB2_I5" signal="XLXN_1"/><fbinput id="FB2_I6" signal="XLXN_2"/><pterm id="FB2_2_1"><signal id="XLXI_2state_FSM_FFd1_SPECSIG"/><signal id="XLXI_2state_FSM_FFd2_SPECSIG" negated="ON"/></pterm><pterm id="FB2_16_1"><signal id="XLXN_2"/><signal id="RST" negated="ON"/></pterm><pterm id="FB2_16_2"><signal id="RST" negated="ON"/><signal id="XLXI_2state_FSM_FFd3_SPECSIG"/><signal id="XLXN_1" negated="ON"/></pterm><pterm id="FB2_17_1"><signal id="XLXN_2"/><signal id="RST" negated="ON"/><signal id="XLXI_2state_FSM_FFd1_SPECSIG"/><signal id="XLXI_2state_FSM_FFd3_SPECSIG" negated="ON"/></pterm><pterm id="FB2_17_2"><signal id="XLXN_2"/><signal id="RST" negated="ON"/><signal id="XLXI_2state_FSM_FFd1_SPECSIG" negated="ON"/><signal id="XLXI_2state_FSM_FFd3_SPECSIG"/></pterm><pterm id="FB2_17_3"><signal id="XLXN_2" negated="ON"/><signal id="RST" negated="ON"/><signal id="XLXI_2state_FSM_FFd1_SPECSIG" negated="ON"/><signal id="XLXI_2state_FSM_FFd2_SPECSIG"/></pterm><pterm id="FB2_17_4"><signal id="XLXN_2" negated="ON"/><signal id="RST" negated="ON"/><signal id="XLXI_2state_FSM_FFd2_SPECSIG"/><signal id="XLXN_1" negated="ON"/></pterm><pterm id="FB2_18_1"><signal id="XLXN_2"/><signal id="RST" negated="ON"/><signal id="XLXI_2state_FSM_FFd1_SPECSIG"/><signal id="XLXI_2state_FSM_FFd2_SPECSIG"/></pterm><pterm id="FB2_18_2"><signal id="XLXN_2"/><signal id="RST" negated="ON"/><signal id="XLXI_2state_FSM_FFd1_SPECSIG"/><signal id="XLXI_2state_FSM_FFd3_SPECSIG" negated="ON"/></pterm><pterm id="FB2_18_3"><signal id="XLXN_2" negated="ON"/><signal id="RST" negated="ON"/><signal id="XLXI_2state_FSM_FFd1_SPECSIG"/><signal id="XLXN_1" negated="ON"/></pterm><pterm id="FB2_18_4"><signal id="XLXN_2" negated="ON"/><signal id="RST" negated="ON"/><signal id="XLXI_2state_FSM_FFd1_SPECSIG" negated="ON"/><signal id="XLXI_2state_FSM_FFd2_SPECSIG"/><signal id="XLXI_2state_FSM_FFd3_SPECSIG" negated="ON"/><signal id="XLXN_1"/></pterm><equation id="Y" userloc="P35"><d2><eq_pterm ptindx="FB2_2_1"/></d2></equation><equation id="XLXI_2state_FSM_FFd3_SPECSIG" regUse="D"><d2><eq_pterm ptindx="FB2_16_1"/><eq_pterm ptindx="FB2_16_2"/></d2><clk><fastsig signal="CLK"/></clk><prld ptindx="GND"/></equation><equation id="XLXI_2state_FSM_FFd2_SPECSIG" regUse="D"><d2><eq_pterm ptindx="FB2_17_1"/><eq_pterm ptindx="FB2_17_2"/><eq_pterm ptindx="FB2_17_3"/><eq_pterm ptindx="FB2_17_4"/></d2><clk><fastsig signal="CLK"/></clk><prld ptindx="GND"/></equation><equation id="XLXI_2state_FSM_FFd1_SPECSIG" regUse="D"><d2><eq_pterm ptindx="FB2_18_1"/><eq_pterm ptindx="FB2_18_2"/><eq_pterm ptindx="FB2_18_3"/><eq_pterm ptindx="FB2_18_4"/></d2><clk><fastsig signal="CLK"/></clk><prld ptindx="GND"/></equation></fblock><fblock id="FB3" inputUse="0" pinUse="1"><macrocell id="FB3_MC1"/><macrocell id="FB3_MC2" pin="FB3_MC2_PIN11"/><macrocell id="FB3_MC3"/><macrocell id="FB3_MC4"/><macrocell id="FB3_MC5" pin="FB3_MC5_PIN12"/><macrocell id="FB3_MC6"/><macrocell id="FB3_MC7"/><macrocell id="FB3_MC8" pin="FB3_MC8_PIN13"/><macrocell id="FB3_MC9" pin="FB3_MC9_PIN14"/><macrocell id="FB3_MC10"/><macrocell id="FB3_MC11" pin="FB3_MC11_PIN18"/><macrocell id="FB3_MC12"/><macrocell id="FB3_MC13"/><macrocell id="FB3_MC14" pin="FB3_MC14_PIN19"/><macrocell id="FB3_MC15" pin="FB3_MC15_PIN20"/><macrocell id="FB3_MC16" pin="FB3_MC16_PIN24"/><macrocell id="FB3_MC17" pin="FB3_MC17_PIN22"/><macrocell id="FB3_MC18"/></fblock><fblock id="FB4" inputUse="0" pinUse="0"><macrocell id="FB4_MC1"/><macrocell id="FB4_MC2" pin="FB4_MC2_PIN25"/><macrocell id="FB4_MC3"/><macrocell id="FB4_MC4"/><macrocell id="FB4_MC5" pin="FB4_MC5_PIN26"/><macrocell id="FB4_MC6"/><macrocell id="FB4_MC7"/><macrocell id="FB4_MC8" pin="FB4_MC8_PIN27"/><macrocell id="FB4_MC9"/><macrocell id="FB4_MC10"/><macrocell id="FB4_MC11" pin="FB4_MC11_PIN28"/><macrocell id="FB4_MC12"/><macrocell id="FB4_MC13"/><macrocell id="FB4_MC14" pin="FB4_MC14_PIN29"/><macrocell id="FB4_MC15" pin="FB4_MC15_PIN33"/><macrocell id="FB4_MC16"/><macrocell id="FB4_MC17" pin="FB4_MC17_PIN34"/><macrocell id="FB4_MC18"/></fblock><vcc/><gnd/><messages><warning>Cpld - Unable to retrieve the path to the iSE Project Repository. Will   use the default filename of 'lab4_3.ise'.</warning></messages><compOpts exhaust="OFF" gclkopt="ON" gsropt="ON" gtsopt="ON" ignorets="OFF" inputs="54" keepio="OFF" loc="ON" mlopt="ON" optimize="SPEED" part="xc9572xl-10-PC44" power="STD" prld="LOW" pterms="25" slew="FAST" terminate="KEEPER" unused="OFF" wysiwyg="OFF"/><specSig signal="b_SPECSIG" value="(b)"/><specSig signal="XLXI_1initA_SPECSIG" value="XLXI_1/initA"/><specSig signal="XLXI_2state_FSM_FFd2_SPECSIG" value="XLXI_2/state_FSM_FFd2"/><specSig signal="XLXI_1prevA_SPECSIG" value="XLXI_1/prevA"/><specSig signal="XLXI_1FF_SPECSIG" value="XLXI_1/FF"/><specSig signal="XLXI_2state_FSM_FFd3_SPECSIG" value="XLXI_2/state_FSM_FFd3"/><specSig signal="XLXI_2state_FSM_FFd1_SPECSIG" value="XLXI_2/state_FSM_FFd1"/></document>
