<?xml version='1.0' encoding='utf-8' ?>
<!DOCTYPE document SYSTEM "file:///C:/Xilinx/14.7/ISE_DS/ISE/xc9500xl/data/xmlReport9kxl.dtd">
<document><ascFile>lab4_moore.rpt</ascFile><devFile>C:/Xilinx/14.7/ISE_DS/ISE/xc9500xl/data/xc9572xl.chp</devFile><mfdFile>lab4_moore.mfd</mfdFile><htmlFile logic_legend="logiclegend.htm" logo="xc9500xl_logo.jpg" pin_legend="pinlegend.htm"/><header date="12-13-2023" design="lab4_moore" device="XC9572XL" eqnType="1" pkg="PC44" speed="-10" status="1" statusStr="Successful" swVersion="P.20131013" time="  3:20PM" version="1.0"/><inputs id="X" userloc="P40"/><inputs id="RST" userloc="P39"/><inputs id="CE" userloc="P42"/><global_inputs id="CLK" pinnum="GCK3" use="GCK3" userloc="P7"/><pin id="FB1_MC2_PIN1" pinnum="1"/><pin id="FB1_MC5_PIN2" pinnum="2"/><pin id="FB1_MC6_PIN3" pinnum="3"/><pin id="FB1_MC8_PIN4" pinnum="4"/><pin id="FB1_MC9_PIN5" pinnum="5"/><pin id="FB1_MC11_PIN6" pinnum="6"/><pin id="FB1_MC14_PIN7" pinnum="7" signal="CLK" use="GCK"/><pin id="FB1_MC15_PIN8" pinnum="8"/><pin id="FB1_MC17_PIN9" pinnum="9"/><pin id="FB2_MC2_PIN35" pinnum="35" signal="Y" use="O"/><pin id="FB2_MC5_PIN36" pinnum="36"/><pin id="FB2_MC6_PIN37" pinnum="37"/><pin id="FB2_MC8_PIN38" pinnum="38"/><pin id="FB2_MC9_PIN39" pinnum="39" signal="RST" use="I"/><pin id="FB2_MC11_PIN40" pinnum="40" signal="X" use="I"/><pin id="FB2_MC14_PIN42" pinnum="42" signal="CE" use="I"/><pin id="FB2_MC15_PIN43" pinnum="43"/><pin id="FB2_MC17_PIN44" pinnum="44" signal="state_FSM_FFd2" use="b_SPECSIG"/><pin id="FB3_MC2_PIN11" pinnum="11"/><pin id="FB3_MC5_PIN12" pinnum="12"/><pin id="FB3_MC8_PIN13" pinnum="13"/><pin id="FB3_MC9_PIN14" pinnum="14"/><pin id="FB3_MC11_PIN18" pinnum="18"/><pin id="FB3_MC14_PIN19" pinnum="19"/><pin id="FB3_MC15_PIN20" pinnum="20"/><pin id="FB3_MC16_PIN24" pinnum="24"/><pin id="FB3_MC17_PIN22" pinnum="22"/><pin id="FB4_MC2_PIN25" pinnum="25"/><pin id="FB4_MC5_PIN26" pinnum="26"/><pin id="FB4_MC8_PIN27" pinnum="27"/><pin id="FB4_MC11_PIN28" pinnum="28"/><pin id="FB4_MC14_PIN29" pinnum="29"/><pin id="FB4_MC15_PIN33" pinnum="33"/><pin id="FB4_MC17_PIN34" pinnum="34"/><fblock id="FB1" inputUse="0" pinUse="0"><macrocell id="FB1_MC1"/><macrocell id="FB1_MC2" pin="FB1_MC2_PIN1"/><macrocell id="FB1_MC3"/><macrocell id="FB1_MC4"/><macrocell id="FB1_MC5" pin="FB1_MC5_PIN2"/><macrocell id="FB1_MC6" pin="FB1_MC6_PIN3"/><macrocell id="FB1_MC7"/><macrocell id="FB1_MC8" pin="FB1_MC8_PIN4"/><macrocell id="FB1_MC9" pin="FB1_MC9_PIN5"/><macrocell id="FB1_MC10"/><macrocell id="FB1_MC11" pin="FB1_MC11_PIN6"/><macrocell id="FB1_MC12"/><macrocell id="FB1_MC13"/><macrocell id="FB1_MC14" pin="FB1_MC14_PIN7"/><macrocell id="FB1_MC15" pin="FB1_MC15_PIN8"/><macrocell id="FB1_MC16"/><macrocell id="FB1_MC17" pin="FB1_MC17_PIN9"/><macrocell id="FB1_MC18"/></fblock><fblock id="FB2" inputUse="6" pinUse="4"><macrocell id="FB2_MC1"/><macrocell id="FB2_MC2" pin="FB2_MC2_PIN35" sigUse="2" signal="Y"><pterms pt1="FB2_2_1"/></macrocell><macrocell id="FB2_MC3"/><macrocell id="FB2_MC4"/><macrocell id="FB2_MC5" pin="FB2_MC5_PIN36"/><macrocell id="FB2_MC6" pin="FB2_MC6_PIN37"/><macrocell id="FB2_MC7"/><macrocell id="FB2_MC8" pin="FB2_MC8_PIN38"/><macrocell id="FB2_MC9" pin="FB2_MC9_PIN39"/><macrocell id="FB2_MC10"/><macrocell id="FB2_MC11" pin="FB2_MC11_PIN40"/><macrocell id="FB2_MC12"/><macrocell id="FB2_MC13"/><macrocell id="FB2_MC14" pin="FB2_MC14_PIN42"/><macrocell id="FB2_MC15" pin="FB2_MC15_PIN43"/><macrocell id="FB2_MC16" sigUse="4" signal="state_FSM_FFd3"><pterms pt1="FB2_16_1" pt2="FB2_16_2"/></macrocell><macrocell id="FB2_MC17" pin="FB2_MC17_PIN44" sigUse="6" signal="state_FSM_FFd2"><pterms pt1="FB2_17_1" pt2="FB2_17_2" pt3="FB2_17_3" pt4="FB2_17_4"/></macrocell><macrocell id="FB2_MC18" sigUse="6" signal="state_FSM_FFd1"><pterms pt1="FB2_18_1" pt2="FB2_18_2" pt3="FB2_18_3" pt4="FB2_18_4"/></macrocell><fbinput id="FB2_I1" signal="CE"/><fbinput id="FB2_I2" signal="RST"/><fbinput id="FB2_I3" signal="X"/><fbinput id="FB2_I4" signal="state_FSM_FFd1"/><fbinput id="FB2_I5" signal="state_FSM_FFd2"/><fbinput id="FB2_I6" signal="state_FSM_FFd3"/><pterm id="FB2_2_1"><signal id="state_FSM_FFd1"/><signal id="state_FSM_FFd2" negated="ON"/></pterm><pterm id="FB2_16_1"><signal id="X"/><signal id="RST" negated="ON"/><signal id="CE"/></pterm><pterm id="FB2_16_2"><signal id="RST" negated="ON"/><signal id="state_FSM_FFd3"/><signal id="CE" negated="ON"/></pterm><pterm id="FB2_17_1"><signal id="RST" negated="ON"/><signal id="state_FSM_FFd2"/><signal id="CE" negated="ON"/></pterm><pterm id="FB2_17_2"><signal id="X" negated="ON"/><signal id="RST" negated="ON"/><signal id="state_FSM_FFd1" negated="ON"/><signal id="state_FSM_FFd2"/></pterm><pterm id="FB2_17_3"><signal id="X"/><signal id="RST" negated="ON"/><signal id="state_FSM_FFd1"/><signal id="state_FSM_FFd3" negated="ON"/><signal id="CE"/></pterm><pterm id="FB2_17_4"><signal id="X"/><signal id="RST" negated="ON"/><signal id="state_FSM_FFd1" negated="ON"/><signal id="state_FSM_FFd2" negated="ON"/><signal id="state_FSM_FFd3"/><signal id="CE"/></pterm><pterm id="FB2_18_1"><signal id="RST" negated="ON"/><signal id="state_FSM_FFd1"/><signal id="CE" negated="ON"/></pterm><pterm id="FB2_18_2"><signal id="X"/><signal id="RST" negated="ON"/><signal id="state_FSM_FFd1"/><signal id="state_FSM_FFd2"/></pterm><pterm id="FB2_18_3"><signal id="X"/><signal id="RST" negated="ON"/><signal id="state_FSM_FFd1"/><signal id="state_FSM_FFd3" negated="ON"/></pterm><pterm id="FB2_18_4"><signal id="X" negated="ON"/><signal id="RST" negated="ON"/><signal id="state_FSM_FFd1" negated="ON"/><signal id="state_FSM_FFd2"/><signal id="state_FSM_FFd3" negated="ON"/><signal id="CE"/></pterm><equation id="Y" userloc="P35"><d2><eq_pterm ptindx="FB2_2_1"/></d2></equation><equation id="state_FSM_FFd3" regUse="D"><d2><eq_pterm ptindx="FB2_16_1"/><eq_pterm ptindx="FB2_16_2"/></d2><clk><fastsig signal="CLK"/></clk><prld ptindx="GND"/></equation><equation id="state_FSM_FFd2" regUse="D"><d2><eq_pterm ptindx="FB2_17_1"/><eq_pterm ptindx="FB2_17_2"/><eq_pterm ptindx="FB2_17_3"/><eq_pterm ptindx="FB2_17_4"/></d2><clk><fastsig signal="CLK"/></clk><prld ptindx="GND"/></equation><equation id="state_FSM_FFd1" regUse="D"><d2><eq_pterm ptindx="FB2_18_1"/><eq_pterm ptindx="FB2_18_2"/><eq_pterm ptindx="FB2_18_3"/><eq_pterm ptindx="FB2_18_4"/></d2><clk><fastsig signal="CLK"/></clk><prld ptindx="GND"/></equation></fblock><fblock id="FB3" inputUse="0" pinUse="0"><macrocell id="FB3_MC1"/><macrocell id="FB3_MC2" pin="FB3_MC2_PIN11"/><macrocell id="FB3_MC3"/><macrocell id="FB3_MC4"/><macrocell id="FB3_MC5" pin="FB3_MC5_PIN12"/><macrocell id="FB3_MC6"/><macrocell id="FB3_MC7"/><macrocell id="FB3_MC8" pin="FB3_MC8_PIN13"/><macrocell id="FB3_MC9" pin="FB3_MC9_PIN14"/><macrocell id="FB3_MC10"/><macrocell id="FB3_MC11" pin="FB3_MC11_PIN18"/><macrocell id="FB3_MC12"/><macrocell id="FB3_MC13"/><macrocell id="FB3_MC14" pin="FB3_MC14_PIN19"/><macrocell id="FB3_MC15" pin="FB3_MC15_PIN20"/><macrocell id="FB3_MC16" pin="FB3_MC16_PIN24"/><macrocell id="FB3_MC17" pin="FB3_MC17_PIN22"/><macrocell id="FB3_MC18"/></fblock><fblock id="FB4" inputUse="0" pinUse="0"><macrocell id="FB4_MC1"/><macrocell id="FB4_MC2" pin="FB4_MC2_PIN25"/><macrocell id="FB4_MC3"/><macrocell id="FB4_MC4"/><macrocell id="FB4_MC5" pin="FB4_MC5_PIN26"/><macrocell id="FB4_MC6"/><macrocell id="FB4_MC7"/><macrocell id="FB4_MC8" pin="FB4_MC8_PIN27"/><macrocell id="FB4_MC9"/><macrocell id="FB4_MC10"/><macrocell id="FB4_MC11" pin="FB4_MC11_PIN28"/><macrocell id="FB4_MC12"/><macrocell id="FB4_MC13"/><macrocell id="FB4_MC14" pin="FB4_MC14_PIN29"/><macrocell id="FB4_MC15" pin="FB4_MC15_PIN33"/><macrocell id="FB4_MC16"/><macrocell id="FB4_MC17" pin="FB4_MC17_PIN34"/><macrocell id="FB4_MC18"/></fblock><vcc/><gnd/><messages><warning>Cpld - Unable to retrieve the path to the iSE Project Repository. Will   use the default filename of 'lab4_moore.ise'.</warning></messages><compOpts exhaust="OFF" gclkopt="ON" gsropt="ON" gtsopt="ON" ignorets="OFF" inputs="54" keepio="OFF" loc="ON" mlopt="ON" optimize="SPEED" part="xc9572xl-10-PC44" power="STD" prld="LOW" pterms="25" slew="FAST" terminate="KEEPER" unused="OFF" wysiwyg="OFF"/><specSig signal="b_SPECSIG" value="(b)"/></document>
